{"count":1,"self":147.87413759999998,"total":357.4804851,"children":{"InitializeActuators":{"count":1,"self":0.0030036999999999998,"total":0.0030036999999999998,"children":null},"InitializeSensors":{"count":1,"self":0.0013242,"total":0.0013242,"children":null},"AgentSendState":{"count":270067,"self":0.25505079999999997,"total":1.1691049,"children":{"CollectObservations":{"count":54014,"self":0.060977699999999996,"total":0.060977699999999996,"children":null},"WriteActionMask":{"count":54014,"self":0.029828499999999997,"total":0.029828499999999997,"children":null},"RequestDecision":{"count":54014,"self":0.19557839999999999,"total":0.82324789999999992,"children":{"AgentInfo.ToProto":{"count":54014,"self":0.205055,"total":0.6276695,"children":{"GenerateSensorData":{"count":54014,"self":0.4226145,"total":0.4226145,"children":null}}}}}}},"DecideAction":{"count":270067,"self":207.7186304,"total":207.71862819999998,"children":null},"AgentAct":{"count":270067,"self":0.7012606,"total":0.7012606,"children":null},"AgentInfo.ToProto":{"count":534,"self":0.0039904,"total":0.012028899999999999,"children":{"GenerateSensorData":{"count":534,"self":0.0080384999999999988,"total":0.0080384999999999988,"children":null}}}},"gauges":{"Slime Agent.CumulativeReward":{"count":534,"max":10,"min":-5,"runningAverage":2.47191024,"value":-5,"weightedAverage":-3.83003831}},"metadata":{"timer_format_version":"0.1.0","start_time_seconds":"1722194452","unity_version":"2023.1.19f1","command_line_arguments":"C:\\Program Files\\Unity\\Hub\\Editor\\2023.1.19f1\\Editor\\Unity.exe -projectpath C:\\Users\\Merve\\Documents\\GitHub\\SlimeAgent -useHub -hubIPC -cloudEnvironment production -licensingIpc LicenseClient-Merve -hubSessionId fa965ced-f155-4df0-b4e2-d7e06e6cc1e5 -accessToken t4-3_q5MgLb3j-_tUvVnjgfVpxB429TI187LtqIsRxk011f","communication_protocol_version":"1.5.0","com.unity.ml-agents_version":"2.0.1","scene_name":"Level_2","end_time_seconds":"1722194810"}}