{
    "name": "root",
    "gauges": {
        "SlimeAgent.Policy.Entropy.mean": {
            "value": 1.4236100912094116,
            "min": 1.4236100912094116,
            "max": 1.4286357164382935,
            "count": 2
        },
        "SlimeAgent.Policy.Entropy.sum": {
            "value": 71243.140625,
            "min": 65791.53125,
            "max": 71243.140625,
            "count": 2
        },
        "SlimeAgent.Environment.EpisodeLength.mean": {
            "value": 217.73939393939395,
            "min": 217.73939393939395,
            "max": 3052.0666666666666,
            "count": 2
        },
        "SlimeAgent.Environment.EpisodeLength.sum": {
            "value": 35927.0,
            "min": 35927.0,
            "max": 45781.0,
            "count": 2
        },
        "SlimeAgent.Step.mean": {
            "value": 149991.0,
            "min": 99947.0,
            "max": 149991.0,
            "count": 2
        },
        "SlimeAgent.Step.sum": {
            "value": 149991.0,
            "min": 99947.0,
            "max": 149991.0,
            "count": 2
        },
        "SlimeAgent.Policy.ExtrinsicValueEstimate.mean": {
            "value": 2.2233097553253174,
            "min": 0.5291963815689087,
            "max": 2.2233097553253174,
            "count": 2
        },
        "SlimeAgent.Policy.ExtrinsicValueEstimate.sum": {
            "value": 1909.822998046875,
            "min": 383.6673889160156,
            "max": 1909.822998046875,
            "count": 2
        },
        "SlimeAgent.Environment.CumulativeReward.mean": {
            "value": 2.0,
            "min": 1.8,
            "max": 2.0,
            "count": 2
        },
        "SlimeAgent.Environment.CumulativeReward.sum": {
            "value": 330.0,
            "min": 27.0,
            "max": 330.0,
            "count": 2
        },
        "SlimeAgent.Policy.ExtrinsicReward.mean": {
            "value": 2.0,
            "min": 1.8,
            "max": 2.0,
            "count": 2
        },
        "SlimeAgent.Policy.ExtrinsicReward.sum": {
            "value": 330.0,
            "min": 27.0,
            "max": 330.0,
            "count": 2
        },
        "SlimeAgent.Losses.PolicyLoss.mean": {
            "value": 0.026443241025942067,
            "min": 0.02480958655845219,
            "max": 0.026443241025942067,
            "count": 2
        },
        "SlimeAgent.Losses.PolicyLoss.sum": {
            "value": 0.13221620512971033,
            "min": 0.09923834623380876,
            "max": 0.13221620512971033,
            "count": 2
        },
        "SlimeAgent.Losses.ValueLoss.mean": {
            "value": 0.06951419554650784,
            "min": 0.017215749396321676,
            "max": 0.06951419554650784,
            "count": 2
        },
        "SlimeAgent.Losses.ValueLoss.sum": {
            "value": 0.3475709777325392,
            "min": 0.0688629975852867,
            "max": 0.3475709777325392,
            "count": 2
        },
        "SlimeAgent.Policy.LearningRate.mean": {
            "value": 0.00022445102518300002,
            "min": 0.00022445102518300002,
            "max": 0.00025220401593200004,
            "count": 2
        },
        "SlimeAgent.Policy.LearningRate.sum": {
            "value": 0.0011222551259150002,
            "min": 0.0010088160637280001,
            "max": 0.0011222551259150002,
            "count": 2
        },
        "SlimeAgent.Policy.Epsilon.mean": {
            "value": 0.17481700000000006,
            "min": 0.17481700000000006,
            "max": 0.18406800000000004,
            "count": 2
        },
        "SlimeAgent.Policy.Epsilon.sum": {
            "value": 0.8740850000000002,
            "min": 0.7362720000000001,
            "max": 0.8740850000000002,
            "count": 2
        },
        "SlimeAgent.Policy.Beta.mean": {
            "value": 0.0037433683,
            "min": 0.0037433683,
            "max": 0.0042049932,
            "count": 2
        },
        "SlimeAgent.Policy.Beta.sum": {
            "value": 0.0187168415,
            "min": 0.0168199728,
            "max": 0.0187168415,
            "count": 2
        },
        "SlimeAgent.IsTraining.mean": {
            "value": 1.0,
            "min": 1.0,
            "max": 1.0,
            "count": 2
        },
        "SlimeAgent.IsTraining.sum": {
            "value": 1.0,
            "min": 1.0,
            "max": 1.0,
            "count": 2
        }
    },
    "metadata": {
        "timer_format_version": "0.1.0",
        "start_time_seconds": "1722195583",
        "python_version": "3.10.12 | packaged by Anaconda, Inc. | (main, Jul  5 2023, 19:01:18) [MSC v.1916 64 bit (AMD64)]",
        "command_line_arguments": "C:\\Users\\Merve\\anaconda3\\envs\\mlagents\\Scripts\\mlagents-learn --run-id=SlimeRun5 --resume",
        "mlagents_version": "1.0.0",
        "mlagents_envs_version": "1.0.0",
        "communication_protocol_version": "1.5.0",
        "pytorch_version": "2.3.1+cpu",
        "numpy_version": "1.21.5",
        "end_time_seconds": "1722196297"
    },
    "total": 713.9994911999966,
    "count": 1,
    "self": 0.007523099993704818,
    "children": {
        "run_training.setup": {
            "total": 0.03575270000146702,
            "count": 1,
            "self": 0.03575270000146702
        },
        "TrainerController.start_learning": {
            "total": 713.9562154000014,
            "count": 1,
            "self": 1.805313999968348,
            "children": {
                "TrainerController._reset_env": {
                    "total": 21.496931500005303,
                    "count": 1,
                    "self": 21.496931500005303
                },
                "TrainerController.advance": {
                    "total": 690.5451431000256,
                    "count": 97843,
                    "self": 1.7214697013841942,
                    "children": {
                        "env_step": {
                            "total": 661.3066719994677,
                            "count": 97843,
                            "self": 533.6009760005545,
                            "children": {
                                "SubprocessEnvManager._take_step": {
                                    "total": 126.49523449852131,
                                    "count": 97843,
                                    "self": 4.803112900335691,
                                    "children": {
                                        "TorchPolicy.evaluate": {
                                            "total": 121.69212159818562,
                                            "count": 97714,
                                            "self": 121.69212159818562
                                        }
                                    }
                                },
                                "workers": {
                                    "total": 1.2104615003918298,
                                    "count": 97842,
                                    "self": 0.0,
                                    "children": {
                                        "worker_root": {
                                            "total": 628.4353114022524,
                                            "count": 97842,
                                            "is_parallel": true,
                                            "self": 241.86411480096285,
                                            "children": {
                                                "steps_from_proto": {
                                                    "total": 0.0003555000002961606,
                                                    "count": 1,
                                                    "is_parallel": true,
                                                    "self": 0.00019619999511633068,